{
    "name": "fusionmc 1.2",
    "notes": "1.2 compatable mod install",
    "jarmods":
    [
        {
            "id": "minecraftforge-client-3.3.8.152.zip",
            "version": "3.3.8.152",
            "mcversion": ""
        },
        {
            "id": "CodeChickenCore-Client 0.5.3.zip",
            "version": "",
            "mcversion": ""
        },
        {
            "id": "OptiFine_1.2.5_HD_MT_C6.zip",
            "version": "",
            "mcversion": ""
        }
    ],
    "mlmods":
    [
        {
            "id": "AdvancedMachinesClient v1.5.zip",
            "version": "",
            "mcversion": ""
        },
        {
            "id": "BCIC2crossover client v1.28.zip",
            "version": "",
            "mcversion": ""
        },
        {
            "id": "Better Farming 2.4.0 Forge.zip",
            "version": "",
            "mcversion": ""
        },
        {
            "id": "buildcraft-C-additionalbuildcraftobjects-f312@94bc2214-97.zip",
            "version": "",
            "mcversion": ""
        },
        {
            "id": "buildcraft-client-A-core-2.2.14.zip",
            "version": "",
            "mcversion": ""
        },
        {
            "id": "buildcraft-client-B-builders-2.2.14.zip",
            "version": "",
            "mcversion": ""
        },
        {
            "id": "buildcraft-client-B-energy-2.2.14.zip",
            "version": "",
            "mcversion": ""
        },
        {
            "id": "buildcraft-client-B-factory-2.2.14.zip",
            "version": "",
            "mcversion": ""
        },
        {
            "id": "buildcraft-client-B-transport-2.2.14.zip",
            "version": "",
            "mcversion": ""
        },
        {
            "id": "buildcraft-client-DA-additionalpipes-2.1.3.zip",
            "version": "",
            "mcversion": ""
        },
        {
            "id": "EnderStorage-Client 1.1.1.zip",
            "version": "",
            "mcversion": ""
        },
        {
            "id": "extrabees-1.2.1.zip",
            "version": "1.2.1",
            "mcversion": ""
        },
        {
            "id": "forestry-client-A-1.4.8.4_bc2.2.jar",
            "version": "",
            "mcversion": ""
        },
        {
            "id": "GenerateNetherOres_Client.zip",
            "version": "",
            "mcversion": ""
        },
        {
            "id": "IC2NuclearControl_client_v1.1.9b.zip",
            "version": "",
            "mcversion": ""
        },
        {
            "id": "immibis-core_49.1.1_for_1.2.5-client.jar",
            "version": "49.1.1",
            "mcversion": ""
        },
        {
            "id": "industrialcraft-2-client_1.97.jar",
            "version": "1.97",
            "mcversion": ""
        },
        {
            "id": "InvTweaks-1.41b-1.2.4.zip",
            "version": "",
            "mcversion": ""
        },
        {
            "id": "mffs_rev3_for_1.2.5-client.zip",
            "version": "rev3",
            "mcversion": ""
        },
        {
            "id": "MineFactoryReloaded_Client_1.5.2.zip",
            "version": "",
            "mcversion": ""
        },
        {
            "id": "mod_chargingbench-client-1.95b-1.2.5-r1.zip",
            "version": "",
            "mcversion": ""
        },
        {
            "id": "mod_compactsolars-client-2.3.2.10.zip",
            "version": "2.3.2.10",
            "mcversion": ""
        },
        {
            "id": "mod_ironchests-client-3.6.1.34.zip",
            "version": "3.6.1.34",
            "mcversion": ""
        },
        {
            "id": "mod_zAdvancedSolarPanel_3_0_0_client.zip",
            "version": "",
            "mcversion": ""
        },
        {
            "id": "More Pistons v1.0.zip",
            "version": "",
            "mcversion": ""
        },
        {
            "id": "NEI_ForestryPlugin 1.0.4.15.zip",
            "version": "",
            "mcversion": ""
        },
        {
            "id": "NEI_RailCraftPlugin 1.2.2.zip",
            "version": "",
            "mcversion": ""
        },
        {
            "id": "NEI_RedPowerPlugin 1.2.2.zip",
            "version": "",
            "mcversion": ""
        },
        {
            "id": "PluginsForForestry_1.2dR2_Client.jar",
            "version": "",
            "mcversion": ""
        },
        {
            "id": "PowerConverters_Client_1.3.4.zip",
            "version": "",
            "mcversion": ""
        },
        {
            "id": "Railcraft_Client_5.3.3.zip",
            "version": "",
            "mcversion": ""
        },
        {
            "id": "RedPowerControl-2.0pr5b2.zip",
            "version": "",
            "mcversion": ""
        },
        {
            "id": "RedPowerCore-2.0pr5b2.zip",
            "version": "",
            "mcversion": ""
        },
        {
            "id": "RedPowerLighting-2.0pr5b2.zip",
            "version": "",
            "mcversion": ""
        },
        {
            "id": "RedPowerLogic-2.0pr5b2.zip",
            "version": "",
            "mcversion": ""
        },
        {
            "id": "RedPowerMachine-2.0pr5b2.zip",
            "version": "",
            "mcversion": ""
        },
        {
            "id": "RedPowerWiring-2.0pr5b2.zip",
            "version": "",
            "mcversion": ""
        },
        {
            "id": "RedPowerWorld-2.0pr5b2.zip",
            "version": "",
            "mcversion": ""
        },
        {
            "id": "SecretRoomsMod+Forge-latest.zip",
            "version": "",
            "mcversion": ""
        },
        {
            "id": "SeedManager-2.4.zip",
            "version": "",
            "mcversion": ""
        },
        {
            "id": "ThermalExpansion-client-BC2-1.0.4.1.zip",
            "version": "",
            "mcversion": ""
        },
        {
            "id": "Timber! (1.2.4).zip",
            "version": "",
            "mcversion": ""
        },
        {
            "id": "TransformersClient v1.3.zip",
            "version": "",
            "mcversion": ""
        },
        {
            "id": "tubestuff_49.1.0_for_1.2.5-client.jar",
            "version": "49.1.0",
            "mcversion": ""
        },
        {
            "id": "[1.2.5]ReiMinimap_v3.2_04.zip",
            "version": "",
            "mcversion": ""
        }
    ],
    "coremods": ""
}
